<?xml version="1.0" encoding="UTF-8"?>
<beans xmlns="http://www.springframework.org/schema/beans"
	xmlns:xsi="http://www.w3.org/2001/XMLSchema-instance" xmlns:context="http://www.springframework.org/schema/context"
	xmlns:mvc="http://www.springframework.org/schema/mvc"
	xsi:schemaLocation="
        http://www.springframework.org/schema/beans
        http://www.springframework.org/schema/beans/spring-beans.xsd
        http://www.springframework.org/schema/context 
        http://www.springframework.org/schema/context/spring-context.xsd
        http://www.springframework.org/schema/mvc
        http://www.springframework.org/schema/mvc/spring-mvc-3.2.xsd">

	
	<!-- 本配置文件是工名为mvc-dispatcher的DispatcherServlet使用， 提供其相关的Spring MVC配置 -->

	<!-- 启用Spring基于annotation的DI, 使用户可以在Spring MVC中使用Spring的强大功能。 激活 @Required
		@Autowired,JSR 250's @PostConstruct, @PreDestroy and @Resource 等标注 -->
	<context:annotation-config />

	<!-- DispatcherServlet上下文， 只管理@Controller类型的bean， 忽略其他型的bean, 如@Service -->
	<context:component-scan base-package="cn.lsu.lms">
		<context:include-filter type="annotation"
			expression="org.springframework.stereotype.Controller" />
	</context:component-scan>

	<!-- HandlerMapping, 无需配置， Spring MVC可以默认启动。 DefaultAnnotationHandlerMapping
		annotation-driven HandlerMapping -->

	<!-- 扩充了注解驱动，可以将请求参数绑定到控制器参数 -->
	<mvc:annotation-driven />


	

	<!-- 配置ViewResolver。 可以用多个ViewResolver。 使用order属性排序。 InternalResourceViewResolver放在最后。 -->
	<bean
		class="org.springframework.web.servlet.view.ContentNegotiatingViewResolver">
		<property name="order" value="1" />
		<property name="mediaTypes">
			<map>
				<entry key="json" value="application/json" />
				<entry key="xml" value="application/xml" />
				<entry key="htm" value="text/html" />
			</map>
		</property>

		<property name="defaultViews">
			<list>
				
				<bean
					class="org.springframework.web.servlet.view.json.MappingJackson2JsonView">
				</bean>
			</list>
		</property>
		<property name="ignoreAcceptHeader" value="true" />
	</bean>

	<bean
		class="org.springframework.web.servlet.view.InternalResourceViewResolver">
		<property name="viewClass"
			value="org.springframework.web.servlet.view.JstlView" />
		<property name="prefix" value="/WEB-INF/jsps/" />
		<property name="suffix" value=".jsp" />
	</bean>

	<bean class="org.springframework.web.servlet.mvc.method.annotation.RequestMappingHandlerAdapter">  
    <property name="messageConverters">  
        <list>  
            <bean  
            class="org.springframework.http.converter.json.MappingJackson2HttpMessageConverter">  
                <property name="supportedMediaTypes">  
                    <list>  
                        <value>text/html;charset=UTF-8</value>  
                        <value>text/plain;charset=UTF-8</value>  
                        <value>application/json;charset=UTF-8</value>  
                    </list>  
                </property>  
            </bean>  
        </list>  
    </property>  
</bean>  
	<bean id="multipartResolver"
		class="org.springframework.web.multipart.commons.CommonsMultipartResolver">
		<!-- 设置上传文件的最大尺寸为5MB -->
		<property name="maxUploadSize">
			<value>524288000000</value>
		</property>
	</bean>

<!--  	<bean class="org.springframework.aop.framework.autoproxy.DefaultAdvisorAutoProxyCreator"   depends-on="lifecycleBeanPostProcessor" />  
    <bean class="org.apache.shiro.spring.security.interceptor.AuthorizationAttributeSourceAdvisor">  
    	<property name="securityManager" ref="securityManager" />  
    </bean>  
    <bean  class="org.springframework.web.servlet.handler.SimpleMappingExceptionResolver">  
	    <property name="exceptionMappings">  
	        <props>  
	            <prop key="org.apache.shiro.authz.UnauthorizedException">  
	                /unauthorized  
	            </prop>  
	            <prop key="org.apache.shiro.authz.UnauthenticatedException">  
	                /unauthenticated  
	            </prop>  
	        </props>  
	    </property>  
	</bean>   -->

</beans>