<beans xmlns="http://www.springframework.org/schema/beans"
	xmlns:xsi="http://www.w3.org/2001/XMLSchema-instance" xmlns:mvc="http://www.springframework.org/schema/mvc"
	xmlns:context="http://www.springframework.org/schema/context"
	xmlns:aop="http://www.springframework.org/schema/aop" xmlns:tx="http://www.springframework.org/schema/tx"
	xsi:schemaLocation="http://www.springframework.org/schema/beans 
		http://www.springframework.org/schema/beans/spring-beans-3.2.xsd 
		http://www.springframework.org/schema/mvc 
		http://www.springframework.org/schema/mvc/spring-mvc-3.2.xsd 
		http://www.springframework.org/schema/context 
		http://www.springframework.org/schema/context/spring-context-3.2.xsd 
		http://www.springframework.org/schema/aop 
		http://www.springframework.org/schema/aop/spring-aop-3.2.xsd 
		http://www.springframework.org/schema/tx 
		http://www.springframework.org/schema/tx/spring-tx-3.2.xsd ">

	<!-- 使用spring组件扫描 -->
	<context:component-scan base-package="cn.lsu.lms.controller" />

	<!-- 静态资源 解析 -->
	<mvc:resources location="/js/" mapping="/js/**" />
	<mvc:resources location="/img/" mapping="/img/**" />
	<mvc:annotation-driven />


	<!-- 配置视图解析器 要求将jstl的包加到classpath -->
	<!-- ViewResolver -->
	<bean
		class="org.springframework.web.servlet.view.InternalResourceViewResolver">
		<property name="prefix" value="/WEB-INF/jsp/" />
		<property name="suffix" value=".jsp" />
	</bean>



	<!-- 文件上传 -->
	<bean id="multipartResolver"
		class="org.springframework.web.multipart.commons.CommonsMultipartResolver">
		<!-- 设置上传文件的最大尺寸为5MB -->
		<property name="maxUploadSize">
			<value>5242880</value>
		</property>
	</bean>
	

	
	


	<!--拦截器 -->
<!-- 	<mvc:interceptors>
	
		
		<mvc:interceptor>
			
			<mvc:mapping path="/**" />
			<bean class="cn.itcast.ssm.controller.interceptor.LoginInterceptor"></bean>
		</mvc:interceptor>
	</mvc:interceptors>
 -->



	


</beans>